{
    "items": [
        {
            "name": "Digital Primates",
            "logo": "app/img/dp.png",
            "link": "http://www.digitalprimates.net"
        },
        {
            "name": "Microsoft Open Technologies",
            "logo": "app/img/MSOpenTech.jpg",
            "link": "http://msopentech.com"
        },
        {
            "name": "YouTube",
            "logo": "app/img/youtube.png",
            "link": "http://www.youtube.com"
        },
        {
            "name": "Akamai",
            "logo": "app/img/akamai_ff.png",
            "link": "http://www.akamai.com"
        },
        {
            "name": "Senthil",
            "link": "https://github.com/senthil-codr"
        }
    ]
}
