{
    "items": [
        {
            "name": "Caption Test",
            "url": "http://dash.edgesuite.net/akamai/test/caption_test/ElephantsDream/elephants_dream_480p_heaac5_1.mpd",
            "browsers": "cdsbi"
        },
        {
            "name": "4K",
            "url": "http://dash.edgesuite.net/akamai/test/tears1/tearsofsteel_4096x1714_14Mbps.mpd",
            "browsers": "cdsbi"
        },
        {
            "name": "Fraunhofer - HEACC 2.0 - Dream",
            "url": "http://dash.edgesuite.net/digitalprimates/fraunhofer/480p_video/heaac_2_0_with_video/ElephantsDream/elephants_dream_480p_heaac2_0.mpd",
            "browsers": "cdsbi"
        },
        {
            "name": "Fraunhofer - HEACC 2.0 - Sintel",
            "url": "http://dash.edgesuite.net/digitalprimates/fraunhofer/480p_video/heaac_2_0_with_video/Sintel/sintel_480p_heaac2_0.mpd",
            "browsers": "cdsbi"
        },
        {
            "name": "Fraunhofer - HEACC 5.1 - 6 CH ID",
             "url": "http://dash.edgesuite.net/digitalprimates/fraunhofer/480p_video/heaac_5_1_with_video/6chId/6chId_480p_heaac5_1.mpd",
            "browsers": "cdsbi"
        },
        {
            "name": "Fraunhofer - HEACC 5.1 - Dream",
            "url": "http://dash.edgesuite.net/digitalprimates/fraunhofer/480p_video/heaac_5_1_with_video/ElephantsDream/elephants_dream_480p_heaac5_1.mpd",
            "browsers": "cdsbi"
        },
        {
            "name": "Fraunhofer - HEACC 5.1 - Sintel",
            "url": "http://dash.edgesuite.net/digitalprimates/fraunhofer/480p_video/heaac_5_1_with_video/Sintel/sintel_480p_heaac5_1.mpd",
            "browsers": "cdsbi"
        },
        {
            "name": "Fraunhofer - Audio Only - Dream",
            "url": "http://dash.edgesuite.net/digitalprimates/fraunhofer/audio_only/heaac_2_0_without_video/ElephantsDream/elephants_dream_audio_only_heaac2_0.mpd",
            "browsers": "cdsbi"
        },
        {
            "name": "Fraunhofer - Audio Only - Sintel",
            "url": "http://dash.edgesuite.net/digitalprimates/fraunhofer/audio_only/heaac_2_0_without_video/Sintel/sintel_audio_only_heaac2_0.mpd",
            "browsers": "cdsbi"
        },
        {
            "name": "Path 1 Live",
            "url": "http://dash-live-path1.edgesuite.net/dash/manifest.mpd",
            "browsers": ""
        },
        {
            "name": "Unified Streaming Live",
            "url": "http://live.unified-streaming.com/loop/loop.isml/loop.mpd?format=mp4&session_id=25020",
            "browsers": ""
        },
        {
            "name": "Wowza SegmentList",
            "url": "http://wowzaec2demo.streamlock.net/live/bigbuckbunny/manifest_mpm4sav_mvlist.mpd",
            "browsers": ""
        },
        {
            "name": "Wowza SegmentTemplate",
            "url": "http://wowzaec2demo.streamlock.net/live/bigbuckbunny/manifest_mpm4sav_mvnumber.mpd",
            "browsers": "cdsbi"
        },
        {
            "name": "Wowza SegmentTimeline",
            "url": "http://wowzaec2demo.streamlock.net/live/bigbuckbunny/manifest_mpm4sav_mvtime.mpd",
            "browsers": ""
        },
        {
            "name": "Thomson Live",
            "url": "http://tvnlive.dashdemo.edgesuite.net/live/manifest.mpd",
            "browsers": ""
        },
        {
            "name": "Media Excel Live 1",
            "url": "http://dashdemo.edgesuite.net/mediaexcel/live/ch1/dash.mpd",
            "browsers": ""
        },
        {
            "name": "Media Excel Live 2",
            "url": "http://dashdemo.edgesuite.net/mediaexcel/live/ch2/dash.mpd",
            "browsers": ""
        },
        {
            "name": "Envivio",
            "url": "http://dash.edgesuite.net/envivio/dashpr/clear/Manifest.mpd",
            "browsers": "cdsbi"
        },
        {
            "name": "Segment List",
            "url": "http://www.digitalprimates.net/dash/streams/gpac/mp4-main-multi-mpd-AV-NBS.mpd",
            "browsers": "cdsbi"
        },
        {
            "name": "Segment Template",
            "url": "http://www.digitalprimates.net/dash/streams/mp4-live-template/mp4-live-mpd-AV-BS.mpd",
            "browsers": "cdsbi"
        },
        {
            "name": "Unified Streaming - Timeline",
            "url": "http://demo.unified-streaming.com/video/ateam/ateam.ism/ateam.mpd",
            "browsers": "cdsbi"
        },
        {
            "name": "Microsoft #1",
            "url": "http://wams.edgesuite.net/media/SintelTrailer_MP4_from_WAME/sintel_trailer-1080p.ism/manifest(format=mpd-time-csf)",
            "browsers": "cdsbi"
        },
        {
            "name": "Microsoft #2",
            "url": "http://wams.edgesuite.net/media/SintelTrailer_Smooth_from_WAME/sintel_trailer-1080p.ism/manifest(format=mpd-time-csf)",
            "browsers": "cdsbi"
        },
        {
            "name": "Microsoft #3",
            "url": "http://wams.edgesuite.net/media/SintelTrailer_Smooth_from_WAME_720p_Main_Profile/sintel_trailer-720p.ism/manifest(format=mpd-time-csf)",
            "browsers": "cdsbi"
        },
        {
            "name": "Microsoft #4",
            "url": "http://wams.edgesuite.net/media/MPTExpressionData01/ElephantsDream_1080p24_IYUV_2ch.ism/manifest(format=mpd-time-csf)",
            "browsers": "cdsbi"
        },
        {
            "name": "Microsoft #5",
            "url": "http://wams.edgesuite.net/media/MPTExpressionData02/BigBuckBunny_1080p24_IYUV_2ch.ism/manifest(format=mpd-time-csf)",
            "browsers": "cdsbi"
        },
        {
            "name": "Microsoft Cenc #1",
            "url": "http://wams.edgesuite.net/media/SintelTrailer_Smooth_from_WAME_720p_Main_Profile_CENC/CENC/sintel_trailer-720p.ism/manifest(format=mpd-time-csf)",
            "browsers": "i"
        },
        {
            "name": "Microsoft Cenc #4",
            "url": "http://wams.edgesuite.net/media/SintelTrailer_Smooth_from_WAME_CENC/CENC/sintel_trailer-1080p.ism/manifest(format=mpd-time-csf)",
            "browsers": "i"
        },
        {
            "name": "D-Dash #1",
            "url": "http://www-itec.uni-klu.ac.at/dash/ddash/mpdGenerator.php?segmentlength=2&type=full",
            "browsers": ""
        },
        {
            "name": "D-Dash #2",
            "url": "http://www-itec.uni-klu.ac.at/dash/ddash/mpdGenerator.php?segmentlength=4&type=full",
            "browsers": ""
        },
        {
            "name": "D-Dash #3",
            "url": "http://www-itec.uni-klu.ac.at/dash/ddash/mpdGenerator.php?segmentlength=6&type=full",
            "browsers": ""
        },
        {
            "name": "D-Dash #4",
            "url": "http://www-itec.uni-klu.ac.at/dash/ddash/mpdGenerator.php?segmentlength=8&type=full",
            "browsers": ""
        },
        {
            "name": "D-Dash #5",
            "url": "http://www-itec.uni-klu.ac.at/dash/ddash/mpdGenerator.php?segmentlength=10&type=full",
            "browsers": ""
        },
        {
            "name": "D-Dash #6",
            "url": "http://www-itec.uni-klu.ac.at/dash/ddash/mpdGenerator.php?segmentlength=15&type=full",
            "browsers": ""
        },
        {
            "name": "DASH-AVC/264 – test vector 1a - Netflix",
            "url": "http://dash.edgesuite.net/dash264/TestCases/1a/netflix/exMPD_BIP_TC1.mpd",
            "browsers": "cdsbi"
        },
        {
            "name": "DASH-AVC/264 – test vector 1a - Sony",
            "url": "http://dash.edgesuite.net/dash264/TestCases/1a/sony/SNE_DASH_SD_CASE1A_REVISED.mpd",
            "browsers": "cdsbi"
        },
        {
            "name": "DASH-AVC/264 – test vector 1b - Envivio",
            "url": "http://dash.edgesuite.net/dash264/TestCases/1b/envivio/manifest.mpd",
            "browsers": "cdsbi"
        },
        {
            "name": "DASH-AVC/264 – test vector 1b - Thomson",
            "url": "http://dash.edgesuite.net/dash264/TestCases/1b/thomson-networks/1/manifest.mpd",
            "browsers": "cdsb"
        },
        {
            "name": "DASH-AVC/264 – test vector 1c - Envivio",
            "url": "http://dash.edgesuite.net/dash264/TestCases/1c/envivio/manifest.mpd",
            "browsers": ""
        },
        {
            "name": "DASH-AVC/264 – test vector 2a - Envivio",
            "url": "http://dash.edgesuite.net/dash264/TestCases/2a/envivio/manifest.mpd",
            "browsers": ""
        },
        {
            "name": "DASH-AVC/264 – test vector 2a - Sony",
            "url": "http://dash.edgesuite.net/dash264/TestCases/2a/sony/SNE_DASH_CASE_2A_SD_REVISED.mpd",
            "browsers": "cdsbi"
        },
        {
            "name": "DASH-AVC/264 – test vector 2a - Thomson",
            "url": "http://dash.edgesuite.net/dash264/TestCases/2a/thomson-networks/2/manifest.mpd",
            "browsers": ""
        },
        {
            "name": "DASH-AVC/264 – test vector 3a - Fraunhofer",
            "url": "http://dash.edgesuite.net/dash264/TestCases/3a/fraunhofer/ed.mpd",
            "browsers": ""
        },
        {
            "name": "DASH-AVC/264 – test vector 3b - Fraunhofer",
            "url": "http://dash.edgesuite.net/dash264/TestCases/3b/fraunhofer/elephants_dream_heaac2_0.mpd",
            "browsers": ""
        },
        {
            "name": "DASH-AVC/264 – test vector 3b - Sony",
            "url": "http://dash.edgesuite.net/dash264/TestCases/3b/sony/SNE_DASH_CASE3B_SD_REVISED.mpd",
            "browsers": "i"
        },
        {
            "name": "DASH-AVC/264 – test vector 4b - Sony",
            "url": "http://dash.edgesuite.net/dash264/TestCases/4b/sony/SNE_DASH_CASE4B_SD_REVISED.mpd",
            "browsers": "cdsbi"
        },
        {
            "name": "DASH-AVC/264 – test vector 5a - Thomson/Envivio",
            "url": "http://dash.edgesuite.net/dash264/TestCases/5a/1/manifest.mpd",
            "browsers": "cdsb"
        },
        {
            "name": "DASH-AVC/264 – test vector 5b - Thomson/Envivio",
            "url": "http://dash.edgesuite.net/dash264/TestCases/5b/1/manifest.mpd",
            "browsers": "cdsb"
        },
        {
            "name": "DASH-AVC/264 – test vector 6c - Envivio Manifest 1",
            "url": "http://dash.edgesuite.net/dash264/TestCases/6c/envivio/manifest.mpd",
            "browsers": ""
        },
        {
            "name": "DASH-AVC/264 – test vector 6c - Envivio Manifest 2",
            "url": "http://dash.edgesuite.net/dash264/TestCases/6c/envivio/manifest2.mpd",
            "browsers": ""
        }
    ]
}
